ID,TRAN_TYPE,POST_DATE,DESCRIPTION,AMOUNT,PAYMENT_METHOD,USER_ID,FINANCE_ACCOUNT_ID,TRAN_CATEGORY_ID,CREATED_BY,LAST_MODIFIED_BY
1,EXPENSE,2017-09-25,TEXACO,8500.00,UNSPECIFIED,4,2,1,system,system
2,INCOME,2017-09-26,Salary,50000.00,UNSPECIFIED,4,1,2,system,system
3,EXPENSE,2017-09-25,JET SET,8500.00,UNSPECIFIED,4,2,3,system,system
735,EXPENSE,2017-03-13,Last Balance,16330.10,,5,46,,nathaniel,nathaniel
736,EXPENSE,2017-03-14,AVENTURA ESTACION,400.00,,5,46,,nathaniel,nathaniel
737,EXPENSE,2017-03-14,SWEET FROG BRAVO CORAL MA,169.59,,5,46,,nathaniel,nathaniel
738,EXPENSE,2017-03-15,NEXT ABRAHAM LINCOLN,2304.20,,5,46,,nathaniel,nathaniel
739,EXPENSE,2017-03-15,EPS NACO,162.31,,5,46,,nathaniel,nathaniel
740,INCOME,2017-03-15,PAGO VIA Internet,10000.00,,5,46,,nathaniel,nathaniel
741,EXPENSE,2017-03-16,SUPER FRESH MARKET,373.93,,5,46,,nathaniel,nathaniel
742,EXPENSE,2017-03-16,SUPER FRESH MARKET,89.90,,5,46,,nathaniel,nathaniel
743,EXPENSE,2017-03-16,EDEESTE-IBANKING,2536.75,,5,46,,nathaniel,nathaniel
744,EXPENSE,2017-03-16,CLARO-IBANKING,3070.88,,5,46,,nathaniel,nathaniel
745,EXPENSE,2017-03-16,CLARO-IBANKING,951.31,,5,46,,nathaniel,nathaniel
746,EXPENSE,2017-03-17,EXPRESS CHANGE,3217.94,,5,46,,nathaniel,nathaniel
747,EXPENSE,2017-03-20,ORANGE-IBANKING,287.84,,5,46,,nathaniel,nathaniel
748,EXPENSE,2017-03-20,DOMINOS SAN ISIDRO,998.00,,5,46,,nathaniel,nathaniel
749,EXPENSE,2017-03-20,DOMINOS SAN ISIDRO,1497.00,,5,46,,nathaniel,nathaniel
750,EXPENSE,2017-03-21,SUNSHOP TIRADENTES,70.00,,5,46,,nathaniel,nathaniel
751,EXPENSE,2017-03-21,POLLOS VICTORINA ESTACION,229.50,,5,46,,nathaniel,nathaniel
752,EXPENSE,2017-03-22,AVENTURA ESTACION,2400.00,,5,46,,nathaniel,nathaniel
753,EXPENSE,2017-03-23,SUPER FRESH MARKET,174.43,,5,46,,nathaniel,nathaniel
754,EXPENSE,2017-03-24,EPS NACO,511.11,,5,46,,nathaniel,nathaniel
755,EXPENSE,2017-03-27,ANTHONY S MEGACENTRO,1287.00,,5,46,,nathaniel,nathaniel
756,EXPENSE,2017-03-27,LA NOVIA DE VILLA - MEGAC,985.00,,5,46,,nathaniel,nathaniel
757,EXPENSE,2017-03-27,D FREDDY PARRILLADAS,1624.09,,5,46,,nathaniel,nathaniel
758,EXPENSE,2017-03-27,RECARGA PEAJE WEB-RDVIAL,300.00,,5,46,,nathaniel,nathaniel
759,EXPENSE,2017-03-27,AVENTURA ESTACION,500.00,,5,46,,nathaniel,nathaniel
760,EXPENSE,2017-03-27,EL PUNTO LIQUOR STORE,860.00,,5,46,,nathaniel,nathaniel
761,EXPENSE,2017-03-28,ESTACION DE SERVICIO AVEN,1000.00,,5,46,,nathaniel,nathaniel
762,EXPENSE,2017-03-28,ISLA DOM-LAS AMERICAS,170.00,,5,46,,nathaniel,nathaniel
763,EXPENSE,2017-03-28,AVENTURA ESTACION,500.00,,5,46,,nathaniel,nathaniel
764,INCOME,2017-03-30,PAGO VIA Internet,6330.10,,5,46,,nathaniel,nathaniel
765,EXPENSE,2017-04-11,CHEF PEPPER NACO,3174.40,,5,46,,nathaniel,nathaniel
766,EXPENSE,2017-04-13,JUMBO AGORA MALL,595.00,,5,46,,nathaniel,nathaniel
767,EXPENSE,2017-04-14,NEXT EL CORAL IN / OUT,240.00,,5,46,,nathaniel,nathaniel
768,EXPENSE,2017-04-14,SM NACIONAL PUNTA CANA,2845.74,,5,46,,nathaniel,nathaniel
769,EXPENSE,2017-04-17,OXIGENO ISABELITA,725.00,,5,46,,nathaniel,nathaniel
770,EXPENSE,2017-04-17,BALICANA BAVARO,820.00,,5,46,,nathaniel,nathaniel
771,EXPENSE,2017-04-17,GUAGUANCO TROPICAL PARTY,350.00,,5,46,,nathaniel,nathaniel
772,EXPENSE,2017-04-17,EDEESTE-IBANKING,2547.61,,5,46,,nathaniel,nathaniel
773,EXPENSE,2017-04-17,CLARO-IBANKING,3257.43,,5,46,,nathaniel,nathaniel
774,EXPENSE,2017-04-17,CLARO-IBANKING,1073.87,,5,46,,nathaniel,nathaniel
775,INCOME,2017-04-17,PAGO VIA Internet,30440.18,,5,46,,nathaniel,nathaniel
776,EXPENSE,2017-04-18,ESTACION ISLA VILLA FARO,300.00,,5,46,,nathaniel,nathaniel
777,EXPENSE,2017-04-19,SUNIX-27 DE FEBRERO,2400.00,,5,46,,nathaniel,nathaniel
778,EXPENSE,2017-04-19,ORANGE-IBANKING,507.05,,5,46,,nathaniel,nathaniel
779,EXPENSE,2017-04-20,FARMACIA CAROL GALERIA 36,147.50,,5,46,,nathaniel,nathaniel
780,EXPENSE,2017-04-22,AMERIDENT SAN VICENTE,1290.00,,5,46,,nathaniel,nathaniel
781,EXPENSE,2017-04-24,BUSINESS IMAIL,351.18,,5,46,,nathaniel,nathaniel
782,EXPENSE,2017-04-24,AMERIDENT SAN VICENTE,1260.00,,5,46,,nathaniel,nathaniel
783,EXPENSE,2017-04-24,MAX POSTRES I,465.00,,5,46,,nathaniel,nathaniel
784,EXPENSE,2017-04-25,MCDONALDS AV TIRADENTES,460.00,,5,46,,nathaniel,nathaniel
785,EXPENSE,2017-04-25,UNAPEC IBANKING,8400.00,,5,46,,nathaniel,nathaniel
786,EXPENSE,2017-04-26,SUBWAY,210.00,,5,46,,nathaniel,nathaniel
787,EXPENSE,2017-04-26,OES LA LIRA,1800.00,,5,46,,nathaniel,nathaniel
788,EXPENSE,2017-04-28,FCIA.CAROL NACO-CALL CENT,147.50,,5,46,,nathaniel,nathaniel
789,EXPENSE,2017-04-29,BUSINESS MAIL,248.51,,5,46,,nathaniel,nathaniel
790,EXPENSE,2017-05-01,FCIA.CAROL-SAN VICENTE,107.42,,5,46,,nathaniel,nathaniel
791,EXPENSE,2017-05-15,MAX POSTRES I,590.00,,5,46,,nathaniel,nathaniel
792,INCOME,2017-05-15,PAGO VIA Internet,15000.00,,5,46,,nathaniel,nathaniel
793,EXPENSE,2017-05-16,SUPER LAMA SAN ISIDRO,710.90,,5,46,,nathaniel,nathaniel
794,EXPENSE,2017-05-16,CLARO-IBANKING,933.43,,5,46,,nathaniel,nathaniel
795,EXPENSE,2017-05-16,EDEESTE-IBANKING,3590.17,,5,46,,nathaniel,nathaniel
796,EXPENSE,2017-05-16,CLARO-IBANKING,3277.20,,5,46,,nathaniel,nathaniel
797,EXPENSE,2017-05-18,ORANGE-IBANKING,397.06,,5,46,,nathaniel,nathaniel
798,EXPENSE,2017-05-19,SUNIX-27 DE FEBRERO,2000.00,,5,46,,nathaniel,nathaniel
799,EXPENSE,2017-05-22,BUSINESS IMAIL,218.78,,5,46,,nathaniel,nathaniel
800,EXPENSE,2017-05-22,KENTUCKY FRIED C-LAS AMER,730.01,,5,46,,nathaniel,nathaniel
801,EXPENSE,2017-05-22,NOCCIOLA FOOD HALL,1248.00,,5,46,,nathaniel,nathaniel
802,EXPENSE,2017-05-22,ANTHONY S MEGACENTRO,211.50,,5,46,,nathaniel,nathaniel
803,EXPENSE,2017-05-22,US POLO ASSN MEGACENTRO,3133.50,,5,46,,nathaniel,nathaniel
804,EXPENSE,2017-05-22,FOREVER 21 MEGACENTRO,458.00,,5,46,,nathaniel,nathaniel
805,EXPENSE,2017-05-22,CASA CLUB NACO GOLF,994.13,,5,46,,nathaniel,nathaniel
806,EXPENSE,2017-05-22,ISLA DOM-LAS AMERICAS,80.00,,5,46,,nathaniel,nathaniel
807,EXPENSE,2017-05-24,WENDY S-NACO,385.00,,5,46,,nathaniel,nathaniel
808,EXPENSE,2017-05-25,SUNIX 27 DE FEBRERO,2200.00,,5,46,,nathaniel,nathaniel
809,EXPENSE,2017-05-29,DIAL AUTO DETAILING,2050.00,,5,46,,nathaniel,nathaniel
810,INCOME,2017-05-30,PAGO VIA Internet,14953.81,,5,46,,nathaniel,nathaniel
811,EXPENSE,2017-06-15,EDEESTE-IBANKING,3448.99,,5,46,,nathaniel,nathaniel
812,EXPENSE,2017-06-15,CLARO-IBANKING,1121.55,,5,46,,nathaniel,nathaniel
813,EXPENSE,2017-06-15,CLARO-IBANKING,3602.20,,5,46,,nathaniel,nathaniel
814,EXPENSE,2017-06-16,SUNIX 27 DE FEBRERO,2000.00,,5,46,,nathaniel,nathaniel
815,EXPENSE,2017-06-16,AMERICANA-KENNEDY,1538.35,,5,46,,nathaniel,nathaniel
816,INCOME,2017-06-16,PAGO VIA Internet,10000.00,,5,46,,nathaniel,nathaniel
817,EXPENSE,2017-06-17,MC DONALD S NACO,249.98,,5,46,,nathaniel,nathaniel
818,EXPENSE,2017-06-17,SHORTHORN STEAK Y BAR,2995.20,,5,46,,nathaniel,nathaniel
819,EXPENSE,2017-06-17,UBER BV,151.76,,5,46,,nathaniel,nathaniel
820,EXPENSE,2017-06-17,SEGUROS PEPIN CALL CENTER,2119.93,,5,46,,nathaniel,nathaniel
821,EXPENSE,2017-06-19,SWEET FROG BRAVO CORAL MA,337.22,,5,46,,nathaniel,nathaniel
822,EXPENSE,2017-06-19,SM BRAVO SAN ISIDRO,181.00,,5,46,,nathaniel,nathaniel
823,EXPENSE,2017-06-21,FARMACIA CAROL-PLAZA ANDA,110.00,,5,46,,nathaniel,nathaniel
824,EXPENSE,2017-06-22,SM NACIONAL 27 DE FEBRERO,799.80,,5,46,,nathaniel,nathaniel
825,EXPENSE,2017-06-23,SUNIX 27 DE FEBRERO,1500.85,,5,46,,nathaniel,nathaniel
826,EXPENSE,2017-06-23,MC DONALD S NACO,150.00,,5,46,,nathaniel,nathaniel
827,EXPENSE,2017-06-23,SUBWAY - LA ESPERILLA,274.99,,5,46,,nathaniel,nathaniel
828,EXPENSE,2017-06-26,INST CULT DOM AMER.E-COMM,4200.00,,5,46,,nathaniel,nathaniel
829,INCOME,2017-06-30,PAGO VIA Internet,13207.68,,5,46,,nathaniel,nathaniel
830,EXPENSE,2017-07-15,FARMACIA CAROL 27 DE FEBR,281.47,,5,46,,nathaniel,nathaniel
831,EXPENSE,2017-07-17,CLARO-IBANKING,1039.89,,5,46,,nathaniel,nathaniel
832,EXPENSE,2017-07-17,EXPRESS CHANGE,1729.25,,5,46,,nathaniel,nathaniel
833,EXPENSE,2017-07-17,CLARO-IBANKING,3602.20,,5,46,,nathaniel,nathaniel
834,EXPENSE,2017-07-17,EDEESTE-IBANKING,1318.27,,5,46,,nathaniel,nathaniel
835,EXPENSE,2017-07-17,ELIS BEER MARKET,1196.80,,5,46,,nathaniel,nathaniel
836,EXPENSE,2017-07-17,SWEET FROG BRAVO CORAL MA,418.06,,5,46,,nathaniel,nathaniel
837,EXPENSE,2017-07-19,NATIVA INVIVIENDA,2200.00,,5,46,,nathaniel,nathaniel
838,INCOME,2017-07-19,PAGO VIA Internet,14781.82,,5,46,,nathaniel,nathaniel
839,EXPENSE,2017-07-20,MULTICENTRO SIRENA  S I,902.95,,5,46,,nathaniel,nathaniel
840,EXPENSE,2017-07-22,CHEF PEPPER-CALL CENTER,295.00,,5,46,,nathaniel,nathaniel
841,EXPENSE,2017-07-24,MAX POSTRES I,780.00,,5,46,,nathaniel,nathaniel
842,EXPENSE,2017-07-25,SUPER LAMA SAN ISIDRO,188.00,,5,46,,nathaniel,nathaniel
843,EXPENSE,2017-07-28,SUBWAY - LA ESPERILLA,300.00,,5,46,,nathaniel,nathaniel
844,EXPENSE,2017-07-28,SUNIX-27 DE FEBRERO,2200.00,,5,46,,nathaniel,nathaniel
845,EXPENSE,2017-07-28,CRESA SANTO DOMINGO,522.40,,5,46,,nathaniel,nathaniel
846,INCOME,2017-07-29,PAGO VIA Internet,10000.00,,5,46,,nathaniel,nathaniel
847,EXPENSE,2017-08-15,MC DONALD S NACO,539.43,,5,46,,nathaniel,nathaniel
848,EXPENSE,2017-08-16,YOKOMO,416.00,,5,46,,nathaniel,nathaniel
849,EXPENSE,2017-08-16,CLARO-IBANKING,3491.10,,5,46,,nathaniel,nathaniel
850,EXPENSE,2017-08-16,CLARO-IBANKING,1213.77,,5,46,,nathaniel,nathaniel
851,EXPENSE,2017-08-16,EDEESTE-IBANKING,3372.97,,5,46,,nathaniel,nathaniel
852,EXPENSE,2017-08-18,MAX POSTRES I,590.00,,5,46,,nathaniel,nathaniel
853,EXPENSE,2017-08-21,ESTACION DE SERVICIO AVEN,2400.00,,5,46,,nathaniel,nathaniel
854,EXPENSE,2017-08-21,SWEET FROG BRAVO CORAL MA,193.26,,5,46,,nathaniel,nathaniel
855,EXPENSE,2017-08-22,SM NACIONAL 27 DE FEBRERO,1365.45,,5,46,,nathaniel,nathaniel
856,EXPENSE,2017-08-23,GALERIA MUSICAL,225.00,,5,46,,nathaniel,nathaniel
857,EXPENSE,2017-08-23,EXPRESS PARCEL SERVICES I,570.00,,5,46,,nathaniel,nathaniel
858,EXPENSE,2017-08-24,JUMBO AGORA MALL,64.95,,5,46,,nathaniel,nathaniel
859,EXPENSE,2017-08-28,CAROL ANDAUCIA- CALL CENT,160.00,,5,46,,nathaniel,nathaniel
860,EXPENSE,2017-08-28,MINAYA COMERCIAL,480.00,,5,46,,nathaniel,nathaniel
861,EXPENSE,2017-08-28,TEXACO-EST.LA PERLA DEL S,185.00,,5,46,,nathaniel,nathaniel
862,INCOME,2017-08-30,PAGO VIA Internet,16974.29,,5,46,,nathaniel,nathaniel
863,EXPENSE,2017-09-18,ORANGE-IBANKING,416.36,,5,46,,nathaniel,nathaniel
864,EXPENSE,2017-09-18,CLARO-IBANKING,3277.20,,5,46,,nathaniel,nathaniel
865,EXPENSE,2017-09-18,EDEESTE-IBANKING,1784.33,,5,46,,nathaniel,nathaniel
866,EXPENSE,2017-09-18,CLARO-IBANKING,1195.62,,5,46,,nathaniel,nathaniel
867,EXPENSE,2017-09-18,SUNIX 27 DE FEBRERO,2400.00,,5,46,,nathaniel,nathaniel
868,EXPENSE,2017-09-18,MERKAPARTS SRL,1200.00,,5,46,,nathaniel,nathaniel
869,EXPENSE,2017-09-18,CENTRO DE FRENOS RAUL Y R,900.00,,5,46,,nathaniel,nathaniel
870,EXPENSE,2017-09-19,PIZZA HUT-MAXIMO GOMEZ,2550.02,,5,46,,nathaniel,nathaniel
871,EXPENSE,2017-09-19,INST CULT DOM AMER.E-COMM,4200.00,,5,46,,nathaniel,nathaniel
872,EXPENSE,2017-09-20,EPS NACO,709.39,,5,46,,nathaniel,nathaniel
873,EXPENSE,2017-09-25,FCIA.CAROL NACO-CALL CENT,180.00,,5,46,,nathaniel,nathaniel
874,EXPENSE,2017-09-26,AMERIDENT SERV ODONT,1700.00,,5,46,,nathaniel,nathaniel
875,EXPENSE,2017-09-26,AMERIDENT SERV ODONT,2890.00,,5,46,,nathaniel,nathaniel
876,EXPENSE,2017-09-28,MCDONALDS MAXIMO GOMEZ,350.00,,5,46,,nathaniel,nathaniel
877,EXPENSE,2017-09-29,SUNIX 27 DE FEBRERO,2500.43,,5,46,,nathaniel,nathaniel
878,INCOME,2017-09-29,Pago via MB  SANTO DOMING,15266.93,,5,46,,nathaniel,nathaniel
879,EXPENSE,2017-10-04,EXPRESS PARCEL SERV.INTL.,708.99,,5,46,,nathaniel,nathaniel
880,EXPENSE,2017-10-12,SM NACIONAL 27 DE FEBRERO,549.80,,5,46,,nathaniel,nathaniel
881,EXPENSE,2017-10-13,SUNIX 27 DE FEBRERO,1700.00,,5,46,,nathaniel,nathaniel
882,EXPENSE,2017-10-16,TEXACO NAS,240.00,,5,46,,nathaniel,nathaniel
883,EXPENSE,2017-10-17,TEXACO NAS,1560.00,,5,46,,nathaniel,nathaniel
884,EXPENSE,2017-10-18,CLARO-IBANKING,3277.20,,5,46,,nathaniel,nathaniel
885,EXPENSE,2017-10-18,EDEESTE-IBANKING,3763.93,,5,46,,nathaniel,nathaniel
886,EXPENSE,2017-10-18,ORANGE-IBANKING,493.31,,5,46,,nathaniel,nathaniel
887,EXPENSE,2017-10-18,EPS NACO,415.86,,5,46,,nathaniel,nathaniel
888,EXPENSE,2017-10-20,SUNIX 27 DE FEBRERO,2100.00,,5,46,,nathaniel,nathaniel
889,INCOME,2017-10-20,CASH BACK ?10  DE,667.35,,5,46,,nathaniel,nathaniel
890,EXPENSE,2017-10-25,WENDY S-NACO,415.00,,5,46,,nathaniel,nathaniel
891,EXPENSE,2017-10-25,MC DONALD S NACO,149.99,,5,46,,nathaniel,nathaniel
892,INCOME,2017-10-30,PAGO VIA Internet,29212.14,,5,46,,nathaniel,nathaniel
893,EXPENSE,2017-11-10,SUNIX-27 DE FEBRERO,1600.00,,5,46,,nathaniel,nathaniel
894,EXPENSE,2017-11-13,CARGO POR MEMBRESIA,1600.00,,5,46,,nathaniel,nathaniel
895,EXPENSE,2017-11-15,EXPRESS CHANGE,1782.67,,5,46,,nathaniel,nathaniel
896,EXPENSE,2017-11-16,PIZZA IL FORNO TRATTORIA,2688.00,,5,46,,nathaniel,nathaniel
897,EXPENSE,2017-11-16,EDEESTE-IBANKING,3427.27,,5,46,,nathaniel,nathaniel
898,EXPENSE,2017-11-16,CLARO-IBANKING,3277.20,,5,46,,nathaniel,nathaniel
899,EXPENSE,2017-11-17,MC DONALD S NACO,99.99,,5,46,,nathaniel,nathaniel
900,EXPENSE,2017-11-17,WENDY S TIRADENTES,274.99,,5,46,,nathaniel,nathaniel
901,EXPENSE,2017-11-20,SM BRAVO SAN ISIDRO,243.00,,5,46,,nathaniel,nathaniel
902,EXPENSE,2017-11-20,SUNIX ESTACION DE SERVICI,2600.00,,5,46,,nathaniel,nathaniel
903,EXPENSE,2017-11-20,OPTICA CARONI,2823.50,,5,46,,nathaniel,nathaniel
904,EXPENSE,2017-11-20,EPS NACO,1129.52,,5,46,,nathaniel,nathaniel
905,EXPENSE,2017-11-20,SUPER LAMA SAMBIL,599.80,,5,46,,nathaniel,nathaniel
906,EXPENSE,2017-11-22,CONSULTORIO DEL DR GUSTA,1000.00,,5,46,,nathaniel,nathaniel
907,EXPENSE,2017-11-23,SM NACIONAL 27 DE FEBRERO,1100.70,,5,46,,nathaniel,nathaniel
908,EXPENSE,2017-11-23,SUNIX 27 DE FEBRERO,1308.06,,5,46,,nathaniel,nathaniel
909,INCOME,2017-11-24,?10  DE ALIVIO?,753.44,,5,46,,nathaniel,nathaniel
910,EXPENSE,2017-11-25,TACO BELL-AV.MAXIMO GOMEZ,230.00,,5,46,,nathaniel,nathaniel
911,EXPENSE,2017-11-27,ADIDAS SAMBIL,582.00,,5,46,,nathaniel,nathaniel
912,EXPENSE,2017-11-27,BALI CAFE,600.00,,5,46,,nathaniel,nathaniel
913,EXPENSE,2017-11-27,OES LA LIRA,500.00,,5,46,,nathaniel,nathaniel
914,INCOME,2017-11-30,PAGO VIA Internet,15347.94,,5,46,,nathaniel,nathaniel
916,EXPENSE,2017-03-13,Last Balance,123.06,,5,47,,nathaniel,nathaniel
917,EXPENSE,2017-03-15,PAYPAL *FJAVIER5152,66.30,,5,47,,nathaniel,nathaniel
918,EXPENSE,2017-03-21,AMAZON MKTPLACE PMTS,12.99,,5,47,,nathaniel,nathaniel
919,EXPENSE,2017-03-21,AMAZON MKTPLACE PMTS,8.55,,5,47,,nathaniel,nathaniel
920,EXPENSE,2017-03-21,AMAZON MKTPLACE PMTS,43.99,,5,47,,nathaniel,nathaniel
921,INCOME,2017-03-30,PAGO VIA Internet,123.06,,5,47,,nathaniel,nathaniel
922,EXPENSE,2017-04-10,PAYPAL *FAMEARTINVE,4.30,,5,47,,nathaniel,nathaniel
923,EXPENSE,2017-04-14,PAYPAL *FJAVIER5152,66.30,,5,47,,nathaniel,nathaniel
924,EXPENSE,2017-04-18,AMAZON MKTPLACE PMTS,14.99,,5,47,,nathaniel,nathaniel
925,EXPENSE,2017-04-18,AMAZON MKTPLACE PMTS,8.18,,5,47,,nathaniel,nathaniel
926,EXPENSE,2017-04-19,AMAZON MKTPLACE PMTS,31.83,,5,47,,nathaniel,nathaniel
927,EXPENSE,2017-05-08,MORA,10.00,,5,47,,nathaniel,nathaniel
928,EXPENSE,2017-05-09,INT.FINANC.,10.87,,5,47,,nathaniel,nathaniel
929,INCOME,2017-05-09,PAGO VIA Internet,136.13,,5,47,,nathaniel,nathaniel
930,EXPENSE,2017-05-16,PAYPAL *FJAVIER5152,56.39,,5,47,,nathaniel,nathaniel
931,EXPENSE,2017-05-16,AMAZON MKTPLACE PMTS,11.99,,5,47,,nathaniel,nathaniel
932,EXPENSE,2017-05-17,AMAZON MKTPLACE PMTS,139.08,,5,47,,nathaniel,nathaniel
933,INCOME,2017-05-30,PAGO VIA Internet,142.17,,5,47,,nathaniel,nathaniel
934,EXPENSE,2017-06-15,PAYPAL *FJAVIER5152,66.30,,5,47,,nathaniel,nathaniel
935,EXPENSE,2017-06-15,Amazon Services-Kindle,5.99,,5,47,,nathaniel,nathaniel
936,EXPENSE,2017-06-16,AMAZON MKTPLACE PMTS,34.49,,5,47,,nathaniel,nathaniel
937,EXPENSE,2017-06-21,Spotify P02B30F643,8.99,,5,47,,nathaniel,nathaniel
938,EXPENSE,2017-06-26,AMAZON MKTPLACE PMTS,20.48,,5,47,,nathaniel,nathaniel
939,INCOME,2017-06-30,PAGO VIA Internet,207.46,,5,47,,nathaniel,nathaniel
940,EXPENSE,2017-07-18,PAYPAL *FJAVIER5152,66.30,,5,47,,nathaniel,nathaniel
941,EXPENSE,2017-07-20,AMAZON MKTPLACE PMTS,8.18,,5,47,,nathaniel,nathaniel
942,EXPENSE,2017-07-20,AMAZON MKTPLACE PMTS,14.99,,5,47,,nathaniel,nathaniel
943,EXPENSE,2017-07-20,AMAZON MKTPLACE PMTS,172.95,,5,47,,nathaniel,nathaniel
944,EXPENSE,2017-07-21,Spotify P02F2C88CF,8.99,,5,47,,nathaniel,nathaniel
945,INCOME,2017-07-29,PAGO VIA Internet,136.25,,5,47,,nathaniel,nathaniel
946,EXPENSE,2017-08-15,PAYPAL *FJAVIER5152,66.30,,5,47,,nathaniel,nathaniel
947,EXPENSE,2017-08-17,AMAZON MKTPLACE PMTS,88.80,,5,47,,nathaniel,nathaniel
948,EXPENSE,2017-08-21,Spotify P033356873,8.99,,5,47,,nathaniel,nathaniel
949,EXPENSE,2017-08-25,Amazon.com,10.51,,5,47,,nathaniel,nathaniel
950,EXPENSE,2017-08-26,PAYPAL *JRSKOOLGEAR,12.69,,5,47,,nathaniel,nathaniel
951,INCOME,2017-08-29,PAGO VIA Internet,271.41,,5,47,,nathaniel,nathaniel
952,EXPENSE,2017-09-18,PAYPAL *FJAVIER5152,66.30,,5,47,,nathaniel,nathaniel
953,EXPENSE,2017-09-18,AMAZON MKTPLACE PMTS,23.31,,5,47,,nathaniel,nathaniel
954,EXPENSE,2017-09-21,Spotify P037BDA713,8.99,,5,47,,nathaniel,nathaniel
955,EXPENSE,2017-09-25,AMAZON MKTPLACE PMTS,35.76,,5,47,,nathaniel,nathaniel
956,EXPENSE,2017-09-28,AMAZON MKTPLACE PMTS,6.33,,5,47,,nathaniel,nathaniel
957,INCOME,2017-09-29,Pago via MB  SANTO DOMING,187.29,,5,47,,nathaniel,nathaniel
958,EXPENSE,2017-10-02,AMAZON MKTPLACE PMTS,15.97,,5,47,,nathaniel,nathaniel
959,EXPENSE,2017-10-14,PAYPAL *FJAVIER5152,66.30,,5,47,,nathaniel,nathaniel
960,EXPENSE,2017-10-21,Spotify P03C6082D4,8.99,,5,47,,nathaniel,nathaniel
961,INCOME,2017-10-30,PAGO VIA Internet,156.66,,5,47,,nathaniel,nathaniel
962,EXPENSE,2017-11-15,AMAZON MKTPLACE PMTS,54.09,,5,47,,nathaniel,nathaniel
963,EXPENSE,2017-11-16,PAYPAL *FJAVIER5152,70.00,,5,47,,nathaniel,nathaniel
964,EXPENSE,2017-11-16,AMAZON MKTPLACE PMTS,20.98,,5,47,,nathaniel,nathaniel
965,EXPENSE,2017-11-18,AMAZON MKTPLACE PMTS,15.97,,5,47,,nathaniel,nathaniel
966,EXPENSE,2017-11-20,JETBLUE     2792188292973,200.00,,5,47,,nathaniel,nathaniel
967,EXPENSE,2017-11-20,AMAZON DIGITAL SVCS 888-4,42.49,,5,47,,nathaniel,nathaniel
968,EXPENSE,2017-11-20,AMAZON.COM AMZN.COM/BILL,197.93,,5,47,,nathaniel,nathaniel
969,EXPENSE,2017-11-20,AMAZON.COM AMZN.COM/BILL,15.00,,5,47,,nathaniel,nathaniel
970,EXPENSE,2017-11-27,AMAZON.COM WWW.AMAZON.COM,41.73,,5,47,,nathaniel,nathaniel
971,EXPENSE,2017-11-27,AMAZON MKTPLACE PMTS,25.99,,5,47,,nathaniel,nathaniel
972,EXPENSE,2017-11-27,AMAZON MKTPLACE PMTS,366.55,,5,47,,nathaniel,nathaniel
973,INCOME,2017-11-27,PAGO VIA Internet,75.29,,5,47,,nathaniel,nathaniel
974,EXPENSE,2017-11-28,AMAZON.COM WWW.AMAZON.COM,12.79,,5,47,,nathaniel,nathaniel
975,EXPENSE,2017-11-30,AMAZON.COM AMZN.COM/BILL,26.74,,5,47,,nathaniel,nathaniel
976,EXPENSE,2017-12-02,AmazonPrime Membership,99.00,,5,47,,nathaniel,nathaniel
977,INCOME,2017-12-02,AmazonPrime Membership,99.00,,5,47,,nathaniel,nathaniel
978,EXPENSE,2017-12-13,CARG.SOBREGIRO,15.00,,5,47,,nathaniel,nathaniel
980,EXPENSE,2017-03-28,Last Balance,30981.68,,5,48,,nathaniel,nathaniel
981,INCOME,2017-03-29,PAGO VIA Internet,8000.00,,5,48,,nathaniel,nathaniel
982,INCOME,2017-03-29,PAGO VIA Internet,8000.00,,5,48,,nathaniel,nathaniel
983,EXPENSE,2017-03-30,SUPER FRESH MARKET,571.41,,5,48,,nathaniel,nathaniel
984,EXPENSE,2017-03-30,SM. BRAVO SAN VICENTE,5082.00,,5,48,,nathaniel,nathaniel
985,EXPENSE,2017-03-30,SM. BRAVO SAN VICENTE,564.00,,5,48,,nathaniel,nathaniel
986,EXPENSE,2017-03-30,OES LA LIRA,2400.00,,5,48,,nathaniel,nathaniel
987,EXPENSE,2017-03-30,INSTITUTO CULTURAL DOM,4350.00,,5,48,,nathaniel,nathaniel
988,EXPENSE,2017-03-31,UNAPEC IBANKING,1294.37,,5,48,,nathaniel,nathaniel
989,EXPENSE,2017-03-31,ANTONIO CHAHIM M.C.POR,796.50,,5,48,,nathaniel,nathaniel
990,EXPENSE,2017-04-01,PLAZA PARIS MEGACENTRO,1320.00,,5,48,,nathaniel,nathaniel
991,EXPENSE,2017-04-01,CENTRO FERRETERO GIGAN,502.60,,5,48,,nathaniel,nathaniel
992,EXPENSE,2017-04-03,ANTHONY S MEGACENTRO,2615.00,,5,48,,nathaniel,nathaniel
993,EXPENSE,2017-04-03,LOS MUCHACHOS-MEGACENT,1950.00,,5,48,,nathaniel,nathaniel
994,EXPENSE,2017-04-03,JUMBO MEGACENTRO,1154.90,,5,48,,nathaniel,nathaniel
995,EXPENSE,2017-04-03,PAYLESS SHOES SOURCE-M,1785.00,,5,48,,nathaniel,nathaniel
996,EXPENSE,2017-04-03,PIZZA HUT-SAN ISIDRO,1019.99,,5,48,,nathaniel,nathaniel
997,EXPENSE,2017-04-03,SWEET FROG BRAVO CORAL,252.42,,5,48,,nathaniel,nathaniel
998,INCOME,2017-04-03,PAGO VIA Internet,5000.00,,5,48,,nathaniel,nathaniel
999,EXPENSE,2017-04-04,MC DONALD S NACO,300.01,,5,48,,nathaniel,nathaniel
1000,EXPENSE,2017-04-04,SUNIX ESTACION DE SERV,1000.00,,5,48,,nathaniel,nathaniel
1001,EXPENSE,2017-04-04,CLINICA PLASTICENTER D,900.00,,5,48,,nathaniel,nathaniel
1002,EXPENSE,2017-04-04,BRAVO SMARTFIT CAUTOMA,1290.00,,5,48,,nathaniel,nathaniel
1003,EXPENSE,2017-04-04,CAASD ACEA-CALL CENTER,486.00,,5,48,,nathaniel,nathaniel
1004,EXPENSE,2017-04-04,JUMBO AGORA MALL,454.90,,5,48,,nathaniel,nathaniel
1005,INCOME,2017-04-04,PAGO VIA Internet,9981.68,,5,48,,nathaniel,nathaniel
1006,EXPENSE,2017-04-06,SUPER FRESH MARKET,238.00,,5,48,,nathaniel,nathaniel
1007,EXPENSE,2017-04-06,SM BRAVO SAN ISIDRO,964.00,,5,48,,nathaniel,nathaniel
1008,EXPENSE,2017-04-06,SM BRAVO SAN ISIDRO,5472.00,,5,48,,nathaniel,nathaniel
1009,EXPENSE,2017-04-06,INST.CULT.DOMINICO-AME,1050.00,,5,48,,nathaniel,nathaniel
1010,EXPENSE,2017-04-06,F. AMERICANA KENNEDY,875.01,,5,48,,nathaniel,nathaniel
1011,INCOME,2017-04-06,PAGO VIA Internet,5000.00,,5,48,,nathaniel,nathaniel
1012,INCOME,2017-04-07,PAGO VIA Internet,6000.00,,5,48,,nathaniel,nathaniel
1013,EXPENSE,2017-04-08,YAO-GAZCUE,2316.80,,5,48,,nathaniel,nathaniel
1014,EXPENSE,2017-04-08,SUNIX-TIRADENTES,2400.00,,5,48,,nathaniel,nathaniel
1015,EXPENSE,2017-04-08,MULTICENTRO SIRENA CHA,498.95,,5,48,,nathaniel,nathaniel
1016,EXPENSE,2017-04-08,MR.LUSTRE,250.00,,5,48,,nathaniel,nathaniel
1017,EXPENSE,2017-04-08,MULTICENTRO SIRENA CHA,334.00,,5,48,,nathaniel,nathaniel
1018,EXPENSE,2017-04-08,MULTICENTRO SIRENA CHA,513.00,,5,48,,nathaniel,nathaniel
1019,EXPENSE,2017-04-08,MULTICENTRO SIRENA CHA,1005.00,,5,48,,nathaniel,nathaniel
1020,EXPENSE,2017-04-10,NATIVA INVIVIENDA,1000.00,,5,48,,nathaniel,nathaniel
1021,EXPENSE,2017-04-10,LA SIRENA GALERIA 360,488.00,,5,48,,nathaniel,nathaniel
1022,EXPENSE,2017-04-10,CENTRO DE SERVICIO AUT,500.00,,5,48,,nathaniel,nathaniel
1023,EXPENSE,2017-04-11,EPS NACO,1186.77,,5,48,,nathaniel,nathaniel
1024,INCOME,2017-04-11,PAGO VIA Internet,4000.00,,5,48,,nathaniel,nathaniel
1025,EXPENSE,2017-04-12,HELADOS BON-GALERIA 36,310.00,,5,48,,nathaniel,nathaniel
1026,EXPENSE,2017-04-13,SM BRAVO SAN ISIDRO,4802.00,,5,48,,nathaniel,nathaniel
1027,EXPENSE,2017-04-13,SM BRAVO SAN ISIDRO,535.00,,5,48,,nathaniel,nathaniel
1028,EXPENSE,2017-04-14,SM. BRAVO SAN VICENTE,738.00,,5,48,,nathaniel,nathaniel
1029,INCOME,2017-04-18,PAGO VIA Internet,8000.00,,5,48,,nathaniel,nathaniel
1030,EXPENSE,2017-04-19,CALZADOS PARIS CORAL M,500.00,,5,48,,nathaniel,nathaniel
1031,EXPENSE,2017-04-20,NATIVA INVIVIENDA,1000.00,,5,48,,nathaniel,nathaniel
1032,EXPENSE,2017-04-20,SM BRAVO SAN ISIDRO,4907.00,,5,48,,nathaniel,nathaniel
1033,EXPENSE,2017-04-20,SM BRAVO SAN ISIDRO,813.00,,5,48,,nathaniel,nathaniel
1034,EXPENSE,2017-04-21,SUPERMERCADO 100,158.29,,5,48,,nathaniel,nathaniel
1035,EXPENSE,2017-04-21,CENTRO FERRETERO GIGAN,1455.00,,5,48,,nathaniel,nathaniel
1036,EXPENSE,2017-04-22,CENTRO FERRETERO GIGAN,1609.00,,5,48,,nathaniel,nathaniel
1037,INCOME,2017-04-24,PAGO VIA Internet,10000.00,,5,48,,nathaniel,nathaniel
1038,INCOME,2017-04-24,PAGO EN CAJA EFECTIVO,14000.00,,5,48,,nathaniel,nathaniel
1039,EXPENSE,2017-04-26,PLAZA LAMA-Z.ORIENTAL,295.00,,5,48,,nathaniel,nathaniel
1040,EXPENSE,2017-04-26,NATIVA INVIVIENDA,1000.00,,5,48,,nathaniel,nathaniel
1041,EXPENSE,2017-04-27,SM BRAVO SAN ISIDRO,765.00,,5,48,,nathaniel,nathaniel
1042,EXPENSE,2017-04-27,SUPERMERCADO 100,654.30,,5,48,,nathaniel,nathaniel
1043,EXPENSE,2017-04-27,SM BRAVO SAN ISIDRO,4176.00,,5,48,,nathaniel,nathaniel
1044,EXPENSE,2017-04-27,CENTRO FERRETERO GIGAN,5488.35,,5,48,,nathaniel,nathaniel
1045,EXPENSE,2017-04-28,SUPER GARRIDO DUARTE,455.00,,5,48,,nathaniel,nathaniel
1046,EXPENSE,2017-04-28,SUPER GARRIDO DUARTE,1830.00,,5,48,,nathaniel,nathaniel
1047,EXPENSE,2017-04-28,SEDERIAS CALIFORNIA-DU,796.99,,5,48,,nathaniel,nathaniel
1048,EXPENSE,2017-04-29,CLARO/TPAGO,100.00,,5,48,,nathaniel,nathaniel
1049,EXPENSE,2017-05-01,MILAGROS COMERCIAL,300.00,,5,48,,nathaniel,nathaniel
1050,EXPENSE,2017-05-01,PIZZA HUT SAN ISIDRO,789.76,,5,48,,nathaniel,nathaniel
1051,EXPENSE,2017-05-01,NATIVA INVIVIENDA,1000.00,,5,48,,nathaniel,nathaniel
1052,EXPENSE,2017-05-02,PLAZA CENTRAL CINEMAS,105.00,,5,48,,nathaniel,nathaniel
1053,INCOME,2017-05-02,PAGO VIA Internet,10000.00,,5,48,,nathaniel,nathaniel
1054,EXPENSE,2017-05-03,CENTRO MODA CXA,1525.00,,5,48,,nathaniel,nathaniel
1055,EXPENSE,2017-05-03,BRAVO SMARTFIT CAUTOMA,1290.00,,5,48,,nathaniel,nathaniel
1056,EXPENSE,2017-05-04,SM BRAVO SAN ISIDRO,5313.00,,5,48,,nathaniel,nathaniel
1057,EXPENSE,2017-05-04,SM BRAVO SAN ISIDRO,580.00,,5,48,,nathaniel,nathaniel
1058,EXPENSE,2017-05-04,OES ARROYO HONDO,2400.00,,5,48,,nathaniel,nathaniel
1059,INCOME,2017-05-04,AJUSTE PAGO IBANKING,5000.00,,5,48,,nathaniel,nathaniel
1060,EXPENSE,2017-05-06,FCIA CAROL NACO CALL C,147.50,,5,48,,nathaniel,nathaniel
1061,EXPENSE,2017-05-06,FCIA CAROL NACO CALL C,147.50,,5,48,,nathaniel,nathaniel
1062,EXPENSE,2017-05-08,NOCCIOLA FOOD HALL,466.10,,5,48,,nathaniel,nathaniel
1063,EXPENSE,2017-05-08,TACO BELL AGORA MALL,550.00,,5,48,,nathaniel,nathaniel
1064,EXPENSE,2017-05-08,ZARA BLUE MALL,3290.00,,5,48,,nathaniel,nathaniel
1065,EXPENSE,2017-05-08,FARMACIA CAROL AGORA M,96.00,,5,48,,nathaniel,nathaniel
1066,EXPENSE,2017-05-08,D FREDDY PARRILLADAS,2456.58,,5,48,,nathaniel,nathaniel
1067,EXPENSE,2017-05-08,FARMACIA CAROL AGORA M,428.83,,5,48,,nathaniel,nathaniel
1068,EXPENSE,2017-05-08,PULL  BEAR AGORA MALL,1595.00,,5,48,,nathaniel,nathaniel
1069,EXPENSE,2017-05-08,D FREDDY PARRILLADAS,1807.72,,5,48,,nathaniel,nathaniel
1070,EXPENSE,2017-05-08,D FREDDY PARRILLADAS,2234.62,,5,48,,nathaniel,nathaniel
1071,INCOME,2017-05-09,PAGO VIA Internet,19468.56,,5,48,,nathaniel,nathaniel
1072,EXPENSE,2017-05-11,SM BRAVO SAN ISIDRO,5224.00,,5,48,,nathaniel,nathaniel
1073,EXPENSE,2017-05-12,CLARO/TPAGO,100.00,,5,48,,nathaniel,nathaniel
1074,EXPENSE,2017-05-12,SUNIX 27 DE FEBRERO,2300.00,,5,48,,nathaniel,nathaniel
1075,EXPENSE,2017-05-13,CLARO/TPAGO,150.00,,5,48,,nathaniel,nathaniel
1076,EXPENSE,2017-05-15,NATIVA INVIVIENDA,1000.00,,5,48,,nathaniel,nathaniel
1077,EXPENSE,2017-05-17,SUPERMERCADO 100,1213.13,,5,48,,nathaniel,nathaniel
1078,EXPENSE,2017-05-18,CLARO/TPAGO,100.00,,5,48,,nathaniel,nathaniel
1079,EXPENSE,2017-05-18,MULTICENTRO SIRENA  S,966.68,,5,48,,nathaniel,nathaniel
1080,EXPENSE,2017-05-19,SM BRAVO SAN ISIDRO,4758.00,,5,48,,nathaniel,nathaniel
1081,EXPENSE,2017-05-20,SUPERMERCADO 100,332.83,,5,48,,nathaniel,nathaniel
1082,EXPENSE,2017-05-22,NATIVA INVIVIENDA,1500.00,,5,48,,nathaniel,nathaniel
1083,EXPENSE,2017-05-24,CLARO/TPAGO,100.00,,5,48,,nathaniel,nathaniel
1084,EXPENSE,2017-05-29,BRAVO CORAL MALL CR,936.00,,5,48,,nathaniel,nathaniel
1085,EXPENSE,2017-05-29,STUDIO G CORAL MALL,1070.00,,5,48,,nathaniel,nathaniel
1086,EXPENSE,2017-05-29,BRAVO CORAL MALL CR,4046.00,,5,48,,nathaniel,nathaniel
1087,EXPENSE,2017-05-29,CLARO/TPAGO,100.00,,5,48,,nathaniel,nathaniel
1088,EXPENSE,2017-05-30,PIZZA HUT-CALL CENTER,1019.99,,5,48,,nathaniel,nathaniel
1089,EXPENSE,2017-05-30,UNAPEC IBANKING,3812.07,,5,48,,nathaniel,nathaniel
1090,INCOME,2017-05-30,PAGO VIA Internet,5000.00,,5,48,,nathaniel,nathaniel
1091,EXPENSE,2017-06-01,SUPERMERCADO 100,616.19,,5,48,,nathaniel,nathaniel
1092,EXPENSE,2017-06-01,CENTRO DE RADIOLOGIA E,1370.00,,5,48,,nathaniel,nathaniel
1093,EXPENSE,2017-06-02,FARMACIA CAROL (UCE),211.73,,5,48,,nathaniel,nathaniel
1094,EXPENSE,2017-06-02,FARMACIA CAROL (UCE),233.48,,5,48,,nathaniel,nathaniel
1095,EXPENSE,2017-06-02,BRAVO SMARTFIT CAUTOMA,1290.00,,5,48,,nathaniel,nathaniel
1096,EXPENSE,2017-06-02,MULTICENTRO SIRENA CHA,361.95,,5,48,,nathaniel,nathaniel
1097,EXPENSE,2017-06-03,CREDIGAS-NATIVA LA PEL,2500.00,,5,48,,nathaniel,nathaniel
1098,EXPENSE,2017-06-05,NIKE FACTORY STORE,1916.00,,5,48,,nathaniel,nathaniel
1099,EXPENSE,2017-06-05,ISLA DOM-LAS AMERICAS,95.00,,5,48,,nathaniel,nathaniel
1100,EXPENSE,2017-06-05,ISLA DOM-LAS AMERICAS,70.00,,5,48,,nathaniel,nathaniel
1101,INCOME,2017-06-05,PAGO VIA Internet,20000.00,,5,48,,nathaniel,nathaniel
1102,EXPENSE,2017-06-06,FARMACIA CAROL-METRO J,131.74,,5,48,,nathaniel,nathaniel
1103,EXPENSE,2017-06-06,TOTAL-OZAMA ESTACION,1000.00,,5,48,,nathaniel,nathaniel
1104,EXPENSE,2017-06-08,SM BRAVO SAN ISIDRO,5477.00,,5,48,,nathaniel,nathaniel
1105,EXPENSE,2017-06-08,OUTLET CERAMICA,455.00,,5,48,,nathaniel,nathaniel
1106,EXPENSE,2017-06-08,SEDERIAS CALIFORNIA-DU,1379.98,,5,48,,nathaniel,nathaniel
1107,EXPENSE,2017-06-09,SUNIX 27 DE FEBRERO,1800.00,,5,48,,nathaniel,nathaniel
1108,EXPENSE,2017-06-10,SUPERMERCADO 100,342.00,,5,48,,nathaniel,nathaniel
1109,EXPENSE,2017-06-12,CLARO/TPAGO,100.00,,5,48,,nathaniel,nathaniel
1110,EXPENSE,2017-06-12,MAX POSTRES I,670.00,,5,48,,nathaniel,nathaniel
1111,EXPENSE,2017-06-13,TROMPO PEAJE,200.01,,5,48,,nathaniel,nathaniel
1112,EXPENSE,2017-06-13,SM NACIONAL 27 DE FEBR,1034.60,,5,48,,nathaniel,nathaniel
1113,EXPENSE,2017-06-16,SM BRAVO SAN ISIDRO,3271.00,,5,48,,nathaniel,nathaniel
1114,EXPENSE,2017-06-16,MINAYA COMERCIAL S A,915.00,,5,48,,nathaniel,nathaniel
1115,EXPENSE,2017-06-16,SM BRAVO SAN ISIDRO,588.00,,5,48,,nathaniel,nathaniel
1116,INCOME,2017-06-16,PAGO VIA Internet,25519.25,,5,48,,nathaniel,nathaniel
1117,EXPENSE,2017-06-23,NATIVA INVIVIENDA,500.00,,5,48,,nathaniel,nathaniel
1118,EXPENSE,2017-06-24,CLARO/TPAGO,100.00,,5,48,,nathaniel,nathaniel
1119,EXPENSE,2017-06-24,SUPERMERCADO 100,486.68,,5,48,,nathaniel,nathaniel
1120,EXPENSE,2017-06-26,SM BRAVO SAN ISIDRO,5064.00,,5,48,,nathaniel,nathaniel
1121,EXPENSE,2017-06-26,SM BRAVO SAN ISIDRO,653.00,,5,48,,nathaniel,nathaniel
1122,EXPENSE,2017-06-27,NATIVA INVIVIENDA,500.00,,5,48,,nathaniel,nathaniel
1123,EXPENSE,2017-06-27,HELADERIA BON CHARLES,615.00,,5,48,,nathaniel,nathaniel
1124,EXPENSE,2017-06-27,PRICE CLUB-Z.ORIENTAL,3097.50,,5,48,,nathaniel,nathaniel
1125,EXPENSE,2017-06-29,SUPERMERCADO 100,500.84,,5,48,,nathaniel,nathaniel
1126,EXPENSE,2017-06-29,SUPERMERCADO 100,1156.11,,5,48,,nathaniel,nathaniel
1127,EXPENSE,2017-06-30,WENDY S TIRADENTES,770.00,,5,48,,nathaniel,nathaniel
1128,EXPENSE,2017-06-30,TOTAL SAN VICENTE,2400.00,,5,48,,nathaniel,nathaniel
1129,EXPENSE,2017-07-03,ORANGE-IBANKING,397.06,,5,48,,nathaniel,nathaniel
1130,EXPENSE,2017-07-03,SUPER LAMA SAN ISIDRO,428.75,,5,48,,nathaniel,nathaniel
1131,EXPENSE,2017-07-03,ORANGE-IBANKING,731.35,,5,48,,nathaniel,nathaniel
1132,EXPENSE,2017-07-03,SUPERMERCADO 100,1501.91,,5,48,,nathaniel,nathaniel
1133,EXPENSE,2017-07-03,LITTLE CAESARS PIZZA,1098.00,,5,48,,nathaniel,nathaniel
1134,EXPENSE,2017-07-04,BRAVO SMARTFIT CAUTOMA,1290.00,,5,48,,nathaniel,nathaniel
1135,EXPENSE,2017-07-05,ED ESTE OF.#4-INVIVIE,3195.00,,5,48,,nathaniel,nathaniel
1136,EXPENSE,2017-07-05,JUMBO AGORA MALL,1402.75,,5,48,,nathaniel,nathaniel
1137,EXPENSE,2017-07-06,ZARA AGORA MALL,2997.00,,5,48,,nathaniel,nathaniel
1138,EXPENSE,2017-07-06,INST.CULT.DOMINICO-AME,1050.00,,5,48,,nathaniel,nathaniel
1139,EXPENSE,2017-07-07,JUMBO AGORA MALL,5696.72,,5,48,,nathaniel,nathaniel
1140,EXPENSE,2017-07-07,TACO BELL MEGACENTRO,480.01,,5,48,,nathaniel,nathaniel
1141,EXPENSE,2017-07-07,FCIA.CAROL NACO-CALL C,180.00,,5,48,,nathaniel,nathaniel
1142,EXPENSE,2017-07-08,NATIVA INVIVIENDA,500.00,,5,48,,nathaniel,nathaniel
1143,EXPENSE,2017-07-08,CAASD ACEA-CALL CENTER,162.00,,5,48,,nathaniel,nathaniel
1144,EXPENSE,2017-07-08,CAASD ACEA-CALL CENTER,324.00,,5,48,,nathaniel,nathaniel
1145,EXPENSE,2017-07-10,FARMACIA MAXIM,286.56,,5,48,,nathaniel,nathaniel
1146,EXPENSE,2017-07-10,AVENTURA ESTACION,2300.00,,5,48,,nathaniel,nathaniel
1147,EXPENSE,2017-07-10,SEGA-ZONA,1331.20,,5,48,,nathaniel,nathaniel
1148,EXPENSE,2017-07-10,D FREDDY PARRILLADAS,1092.08,,5,48,,nathaniel,nathaniel
1149,EXPENSE,2017-07-10,PUVAB BEAUTY GLAMOUR,200.00,,5,48,,nathaniel,nathaniel
1150,INCOME,2017-07-10,PAGO VIA Internet,25000.00,,5,48,,nathaniel,nathaniel
1151,EXPENSE,2017-07-11,PIZZA HUT SAN ISIDRO,1800.01,,5,48,,nathaniel,nathaniel
1152,EXPENSE,2017-07-11,SM NACIONAL 27 DE FEBR,64.95,,5,48,,nathaniel,nathaniel
1153,EXPENSE,2017-07-12,HELADOS BON AUT SAN IS,110.00,,5,48,,nathaniel,nathaniel
1154,EXPENSE,2017-07-12,LAB.DE REFERENCIA SAN,358.00,,5,48,,nathaniel,nathaniel
1155,EXPENSE,2017-07-13,SUPERMERCADO 100,663.41,,5,48,,nathaniel,nathaniel
1156,EXPENSE,2017-07-14,SM BRAVO SAN ISIDRO,1220.00,,5,48,,nathaniel,nathaniel
1157,EXPENSE,2017-07-14,SM BRAVO SAN ISIDRO,259.00,,5,48,,nathaniel,nathaniel
1158,EXPENSE,2017-07-15,NATIVA INVIVIENDA,500.00,,5,48,,nathaniel,nathaniel
1159,INCOME,2017-07-15,PAGO VIA Internet,16876.92,,5,48,,nathaniel,nathaniel
1160,EXPENSE,2017-07-20,MULTICENTRO SIRENA  S,1092.23,,5,48,,nathaniel,nathaniel
1161,EXPENSE,2017-07-21,SM BRAVO SAN ISIDRO,4173.00,,5,48,,nathaniel,nathaniel
1162,EXPENSE,2017-07-21,SM BRAVO SAN ISIDRO,791.00,,5,48,,nathaniel,nathaniel
1163,EXPENSE,2017-07-27,MINAYA-CORAL MALL,845.00,,5,48,,nathaniel,nathaniel
1164,EXPENSE,2017-07-28,SM BRAVO SAN ISIDRO,748.00,,5,48,,nathaniel,nathaniel
1165,EXPENSE,2017-07-28,SM BRAVO SAN ISIDRO,3153.00,,5,48,,nathaniel,nathaniel
1166,EXPENSE,2017-07-31,FARMACIA LOS HIDALGOS,36.43,,5,48,,nathaniel,nathaniel
1167,EXPENSE,2017-07-31,PIZZA IL FORNO TRATTOR,844.80,,5,48,,nathaniel,nathaniel
1168,EXPENSE,2017-07-31,ORANGE-IBANKING,411.02,,5,48,,nathaniel,nathaniel
1169,EXPENSE,2017-07-31,SUPERMERCADO 100,1494.27,,5,48,,nathaniel,nathaniel
1170,EXPENSE,2017-08-01,CEDIMAT,1000.00,,5,48,,nathaniel,nathaniel
1171,EXPENSE,2017-08-02,BURGER KING SAMBIL,140.00,,5,48,,nathaniel,nathaniel
1172,EXPENSE,2017-08-02,BRAVO SMARTFIT CAUTOMA,1290.00,,5,48,,nathaniel,nathaniel
1173,EXPENSE,2017-08-03,SM BRAVO SAN ISIDRO,5342.00,,5,48,,nathaniel,nathaniel
1174,EXPENSE,2017-08-03,SM BRAVO SAN ISIDRO,990.00,,5,48,,nathaniel,nathaniel
1175,EXPENSE,2017-08-04,FARMACIA CAROL 27 DE F,946.10,,5,48,,nathaniel,nathaniel
1176,EXPENSE,2017-08-04,INSTITUTO DERMATOLOGIC,1980.00,,5,48,,nathaniel,nathaniel
1177,EXPENSE,2017-08-04,INSTITUTO DERMATOLOGIC,1916.00,,5,48,,nathaniel,nathaniel
1178,EXPENSE,2017-08-04,SUNIX 27 DE FEBRERO,2100.00,,5,48,,nathaniel,nathaniel
1179,EXPENSE,2017-08-04,EXPRESS PARCEL SERV.IN,168.75,,5,48,,nathaniel,nathaniel
1180,EXPENSE,2017-08-04,LA SIRENA MOCA CREDITO,1092.60,,5,48,,nathaniel,nathaniel
1181,EXPENSE,2017-08-04,TOTAL ESTRELLA-V ENERG,1700.00,,5,48,,nathaniel,nathaniel
1182,EXPENSE,2017-08-05,PIZZA HUT-C.SOL-STGO,994.99,,5,48,,nathaniel,nathaniel
1183,EXPENSE,2017-08-05,TUREY,195.00,,5,48,,nathaniel,nathaniel
1184,EXPENSE,2017-08-05,TUREY,445.00,,5,48,,nathaniel,nathaniel
1185,EXPENSE,2017-08-07,PLAZA CENTRAL CINEMAS,375.00,,5,48,,nathaniel,nathaniel
1186,EXPENSE,2017-08-07,PLAZA CENTRAL CINEMAS,600.00,,5,48,,nathaniel,nathaniel
1187,EXPENSE,2017-08-09,SALSA CATERING SERVICE,85.00,,5,48,,nathaniel,nathaniel
1188,EXPENSE,2017-08-10,JUMBO AGORA MALL,563.54,,5,48,,nathaniel,nathaniel
1189,EXPENSE,2017-08-11,JUMBO AGORA MALL,349.00,,5,48,,nathaniel,nathaniel
1190,EXPENSE,2017-08-11,SM BRAVO SAN ISIDRO,342.00,,5,48,,nathaniel,nathaniel
1191,EXPENSE,2017-08-11,SM BRAVO SAN ISIDRO,3755.00,,5,48,,nathaniel,nathaniel
1192,EXPENSE,2017-08-11,SM NACIONAL 27 DE FEBR,194.83,,5,48,,nathaniel,nathaniel
1193,EXPENSE,2017-08-11,SUNIX-27 DE FEBRERO,1600.18,,5,48,,nathaniel,nathaniel
1194,EXPENSE,2017-08-11,SUPER GARRIDO MEGACENT,1695.00,,5,48,,nathaniel,nathaniel
1195,EXPENSE,2017-08-12,UBER TRIP PJFLF HELP.U,81.42,,5,48,,nathaniel,nathaniel
1196,EXPENSE,2017-08-14,PIZZA IL FORNO TRATTOR,3033.60,,5,48,,nathaniel,nathaniel
1197,EXPENSE,2017-08-14,EPS NACO,827.90,,5,48,,nathaniel,nathaniel
1198,INCOME,2017-08-14,PAGO VIA Internet,28000.00,,5,48,,nathaniel,nathaniel
1199,INCOME,2017-08-15,PAGO VIA Internet,19248.94,,5,48,,nathaniel,nathaniel
1200,EXPENSE,2017-08-17,SUPERMERCADO 100,1644.90,,5,48,,nathaniel,nathaniel
1201,EXPENSE,2017-08-21,SUPERMERCADO 100,952.74,,5,48,,nathaniel,nathaniel
1202,EXPENSE,2017-08-21,AUTOASESORES GALERIA,4673.39,,5,48,,nathaniel,nathaniel
1203,EXPENSE,2017-08-21,MULTICENTRO SIRENA CHA,1445.06,,5,48,,nathaniel,nathaniel
1204,EXPENSE,2017-08-22,UNAPEC IBANKING,6085.00,,5,48,,nathaniel,nathaniel
1205,EXPENSE,2017-08-22,MINAYA COMERCIAL,310.00,,5,48,,nathaniel,nathaniel
1206,EXPENSE,2017-08-23,FUNERARIA BLANDINO SAB,4355.00,,5,48,,nathaniel,nathaniel
1207,EXPENSE,2017-08-24,SM BRAVO SAN ISIDRO,6156.00,,5,48,,nathaniel,nathaniel
1208,EXPENSE,2017-08-24,TOTAL-OZAMA ESTACION,500.00,,5,48,,nathaniel,nathaniel
1209,EXPENSE,2017-08-24,SM BRAVO SAN ISIDRO,448.00,,5,48,,nathaniel,nathaniel
1210,EXPENSE,2017-08-28,CREDIGAS-NATIVA LA PEL,1000.00,,5,48,,nathaniel,nathaniel
1211,EXPENSE,2017-08-30,TACO BELL-ROBERTO PAST,210.00,,5,48,,nathaniel,nathaniel
1212,EXPENSE,2017-08-30,SUNIX 27 DE FEBRERO,2200.38,,5,48,,nathaniel,nathaniel
1213,EXPENSE,2017-08-30,CMVJ,1000.00,,5,48,,nathaniel,nathaniel
1214,EXPENSE,2017-08-31,FARMACIA CAROL 27 DE F,175.00,,5,48,,nathaniel,nathaniel
1215,EXPENSE,2017-08-31,TACO BELL-ROBERTO PAST,210.00,,5,48,,nathaniel,nathaniel
1216,EXPENSE,2017-09-01,SM BRAVO SAN ISIDRO,5599.00,,5,48,,nathaniel,nathaniel
1217,INCOME,2017-09-01,PAGO VIA Internet,30000.00,,5,48,,nathaniel,nathaniel
1218,EXPENSE,2017-09-02,RESTAURANT YAO-GAZCUE,1990.40,,5,48,,nathaniel,nathaniel
1219,EXPENSE,2017-09-04,EPS NACO,576.07,,5,48,,nathaniel,nathaniel
1220,EXPENSE,2017-09-04,BRAVO SMARTFIT CAUTOMA,1290.00,,5,48,,nathaniel,nathaniel
1221,EXPENSE,2017-09-04,ED ESTE OF.#4-INVIVIE,3500.00,,5,48,,nathaniel,nathaniel
1222,EXPENSE,2017-09-04,BURGUER CO.- NACO,3162.00,,5,48,,nathaniel,nathaniel
1223,EXPENSE,2017-09-05,ENVASADORA MARIOT,1337.00,,5,48,,nathaniel,nathaniel
1224,EXPENSE,2017-09-06,PULL  BEAR AGORA MALL,1395.00,,5,48,,nathaniel,nathaniel
1225,EXPENSE,2017-09-06,JUMBO AGORA MALL,64.95,,5,48,,nathaniel,nathaniel
1226,EXPENSE,2017-09-07,SUNIX KENNEDY,2500.30,,5,48,,nathaniel,nathaniel
1227,EXPENSE,2017-09-07,GRUPO COMETA,5500.00,,5,48,,nathaniel,nathaniel
1228,EXPENSE,2017-09-11,MINAYA COMERCIAL,435.00,,5,48,,nathaniel,nathaniel
1229,EXPENSE,2017-09-11,ELIS BEER MARKET,2123.52,,5,48,,nathaniel,nathaniel
1230,EXPENSE,2017-09-11,HAAGEN DAZS,610.00,,5,48,,nathaniel,nathaniel
1231,EXPENSE,2017-09-13,SUPERMERCADO 100,561.35,,5,48,,nathaniel,nathaniel
1232,EXPENSE,2017-09-14,SM. BRAVO SAN VICENTE,5392.00,,5,48,,nathaniel,nathaniel
1233,EXPENSE,2017-09-14,SM. BRAVO SAN VICENTE,845.00,,5,48,,nathaniel,nathaniel
1234,EXPENSE,2017-09-14,SM NACIONAL 27 DE FEBR,374.70,,5,48,,nathaniel,nathaniel
1235,EXPENSE,2017-09-14,AMERIDENT SERVICIOS OD,180.00,,5,48,,nathaniel,nathaniel
1236,EXPENSE,2017-09-14,AMERIDENT SERVICIOS OD,3470.00,,5,48,,nathaniel,nathaniel
